"Player","My C Won","Hands","VPIP","BB/100"
"$harkscoop$","-$10.49","2,153","21.42","-9.74"
"$stoi.pan$","-$1.23","1,364","36.88","-1.80"
"0PTI-MEN","-$4.22","3,626","16.02","-2.33"
"0RB BR0","-$0.33","588","21.16","-1.12"
"11 SLON 1776","-$0.32","5,966","13.75","-0.11"
"12Arne345","-$20.11","659","20.88","-61.03"
"17mattyb","-$9.02","1,185","25.92","-15.22"
"19argentum78","-$6.57","502","49.40","-26.18"
"1l0r","-$40.63","2,854","23.79","-28.47"
"1Lugano","-$8.90","640","17.75","-27.81"
"1tillit1","-$25.45","7,302","12.83","-6.97"
"9zocker9","-$6.72","664","20.43","-20.24"
"<!>E H P ! P","-$2.03","664","11.74","-6.11"
"__majkeL_102","-$64.53","13,196","21.19","-9.78"
"a-limejunior","-$4.83","683","25.71","-14.14"
"A.DOD4","-$22.96","1,627","20.63","-28.22"
"A319-100","-$0.04","774","24.25","-0.10"
"abobora71","-$1.35","2,847","15.29","-0.95"
"ACD_198276","-$2.54","1,319","20.99","-3.85"
"adserben","-$10.68","1,516","27.60","-14.09"
"Agats0220","-$32.52","1,610","22.43","-40.40"
"aiken705401","-$28.51","882","33.41","-64.65"
"aivars6969","-$10.81","1,745","22.02","-12.39"
"AkyLa0135","-$18.92","632","49.76","-59.87"
"Aleeeeena","-$6.50","508","22.77","-25.59"
"alek115","-$18.57","983","16.32","-37.78"
"Aleksandr057","-$4.35","1,034","11.30","-8.41"
"alex7241183","-$14.99","617","24.84","-48.59"
"Alonzomozley","-$6.65","511","10.24","-26.03"
"Altar-SA","-$1.37","542","43.74","-5.06"
"alystair","-$1.07","953","26.50","-2.25"
"Alythess","-$11.23","524","26.20","-42.86"
"andrey354","-$2.17","546","21.44","-7.95"
"Antonyo_Selim","-$45.74","648","75.04","-141.17"
"AntonZA","-$6.33","566","26.65","-22.37"
"anui","-$6.09","1,832","27.55","-6.65"
"artem pot","-$14.39","760","29.28","-37.87"
"Artur16228","-$0.32","1,147","14.93","-0.56"
"asanov89","-$19.10","2,016","27.91","-18.95"
"Ascobarran","-$6.56","680","14.05","-19.29"
"Askeha87","-$27.21","584","42.86","-93.18"
"AssamTea87","-$6.87","1,057","31.71","-13.00"
"AssosManiki","-$23.72","559","24.19","-84.87"
"attilathenun","-$18.65","733","24.31","-50.89"
"Atum[Psk]","-$0.11","6,472","12.39","-0.03"
"Autolik","-$1.27","1,327","32.95","-1.91"
"avg35","-$1.61","991","18.02","-3.25"
"AWL-in9","-$12.34","550","37.25","-44.87"
"AyeGee","-$4.11","1,476","19.73","-5.57"
"ayusssha","-$37.80","8,530","13.93","-8.86"
"b.l.w.dubs","-$7.58","568","19.01","-26.69"
"babayka79","-$8.85","1,956","22.33","-9.05"
"bacotero","-$8.60","562","19.18","-30.60"
"badgoold","-$28.85","908","29.71","-63.55"
"baligo666","-$81.49","11,886","21.95","-13.71"
"bankasguhi","-$24.90","1,194","16.09","-41.71"
"barracuda117","-$8.29","944","23.61","-17.56"
"bascketman","-$2.79","755","18.45","-7.39"
"Batman9994","-$2.58","652","30.62","-7.91"
"BBBroo99","-$1.44","554","31.27","-5.20"
"bbcoach1 cam","-$16.21","2,212","48.97","-14.66"
"beastieboy1979","-$9.98","1,151","34.92","-17.34"
"beaucoupjoir","-$8.82","805","17.46","-21.91"
"besocialmx","-$18.40","1,515","17.48","-24.29"
"bexley69","-$1.93","995","25.35","-3.88"
"Big Pun 1314","-$0.41","1,294","19.97","-0.63"
"BILLYSKLA","-$13.69","515","32.94","-53.17"
"birtswell","-$39.94","886","55.06","-90.16"
"Black HoleUK","-$21.81","8,664","16.24","-5.03"
"Blazar1133","-$7.97","1,482","23.62","-10.76"
"BluffOnTable","-$2.91","12,946","12.32","-0.45"
"BMF1393","-$30.08","4,728","28.25","-12.72"
"bober2702","-$1.76","1,070","19.62","-3.29"
"Bobertul","-$15.02","2,130","17.75","-14.10"
"Bobudebob","-$15.80","673","42.92","-46.95"
"bodenleger","-$9.53","4,469","14.79","-4.26"
"BOSS_Ecuador","-$12.70","972","38.20","-26.13"
"BRMP1","-$1.92","532","22.60","-7.22"
"brunomaia42","-$1.90","575","26.80","-6.61"
"BrykmiD","-$26.84","4,484","16.54","-11.97"
"Bubbla85","-$5.32","905","40.13","-11.76"
"Bucica901","-$12.30","734","29.95","-33.51"
"bumasa","-$29.15","1,754","33.64","-33.24"
"Bummibaby","-$7.41","13,514","18.75","-1.10"
"Buzz3434","-$7.10","1,374","21.63","-10.33"
"BuZZer_MFL","-$21.16","550","31.19","-76.95"
"bxr23ps","-$4.38","1,608","8.53","-5.45"
"c4ll314","-$14.35","1,366","23.82","-21.01"
"CaptainBrown22","-$34.80","829","56.90","-83.96"
"Carevichko","-$29.20","1,115","46.81","-52.38"
"CarlosECRuiz","-$23.18","4,249","32.87","-10.91"
"CasinoReal46","-$13.93","990","13.66","-28.14"
"CC7A","-$9.66","668","40.00","-28.92"
"cgm_vip","-$8.15","1,754","29.15","-9.29"
"chaimbers","-$2.50","1,232","14.03","-4.06"
"ChipakL228","-$12.39","812","12.00","-30.52"
"chrismand7","-$7.73","1,126","44.51","-13.73"
"Christianchilla","-$36.00","614","59.51","-117.26"
"chudak1000","-$0.85","9,181","15.43","-0.19"
"clarence0061","-$13.86","624","31.72","-44.42"
"cmrbskeggy","-$31.95","992","29.47","-64.42"
"ColinCave","-$3.67","1,395","30.78","-5.26"
"com3_truise","-$5.86","794","12.69","-14.76"
"coolDadJimbo","-$13.80","1,162","20.28","-23.75"
"coopermanjo","-$4.22","521","20.83","-16.20"
"Costel005","-$29.26","551","39.01","-106.21"
"Courtmacdrummer","-$17.18","712","52.47","-48.26"
"Coyote1895","-$97.48","2,033","27.83","-95.90"
"cristopua","-$11.17","704","25.40","-31.73"
"csoutto","-$22.26","752","53.69","-59.20"
"CT_Mush","-$8.64","1,115","26.38","-15.50"
"cubicroot","-$68.76","1,757","55.80","-78.27"
"cunen woret","-$15.73","2,234","13.16","-14.08"
"Da Newf","-$14.37","1,815","14.83","-15.83"
"daigoroKK","-$4.46","815","16.75","-10.94"
"dak77777","-$24.12","1,902","23.59","-25.36"
"dallas249","-$11.66","1,092","22.95","-21.36"
"damkas1989","-$5.70","2,083","15.31","-5.47"
"dan74t","-$14.86","965","22.95","-30.80"
"Dandi52105","-$9.12","1,383","14.62","-13.19"
"Daniel-San775","-$1.16","2,814","13.67","-0.82"
"dannydanger","-$18.92","1,527","21.92","-24.78"
"DanRussel","-$0.27","1,046","16.68","-0.52"
"darcgbbs","-$30.12","3,105","39.24","-19.40"
"daro506","-$18.08","1,380","14.84","-26.20"
"davamartiro","-$35.33","1,500","43.46","-47.11"
"davin.AFA","-$10.15","560","57.14","-36.25"
"DBlack54","-$10.01","2,669","26.96","-7.50"
"Denis9-L","-$40.73","1,119","23.16","-72.80"
"Denis_T8s","-$4.96","10,915","18.40","-0.91"
"DenyLi","-$4.36","739","15.24","-11.80"
"DepressedJam","-$23.37","543","55.78","-86.08"
"desdinova13","-$15.58","2,048","28.31","-15.21"
"DesperatDawg","-$37.13","967","24.79","-76.79"
"Devoi2022","-$15.76","816","30.00","-38.63"
"dibidibidis","-$5.89","975","13.24","-12.08"
"Djailson Rufino","-$9.24","723","24.97","-25.56"
"dm291","-$16.31","1,239","16.56","-26.33"
"DmitryS79","-$2.84","723","17.48","-7.86"
"dnova1322","-$4.76","2,998","23.84","-3.18"
"doberman6665","-$1.74","1,763","15.94","-1.97"
"DobrqjDed","-$13.02","1,983","21.01","-13.13"
"DodgeGTS4","-$2.15","1,799","37.87","-2.39"
"DOG FOOOD","-$16.38","1,783","9.43","-18.37"
"DonHagman","-$5.45","502","9.64","-21.71"
"dovdon","-$48.14","2,018","38.04","-47.71"
"doylejackw","-$22.97","528","21.63","-87.01"
"Dr. Carvalhu","-$9.62","581","19.93","-33.12"
"Dragnst25","-$3.09","607","33.33","-10.18"
"drAVR11","-$10.56","841","31.50","-25.11"
"dron040988","-$14.10","897","39.62","-31.44"
"DSilver","-$18.08","1,465","16.59","-24.68"
"DudeRanch97","-$0.75","531","23.53","-2.82"
"Duile672","-$1.19","1,045","30.69","-2.28"
"DwrongOne","-$34.30","9,678","30.19","-7.09"
"Dyicha","-$0.23","1,460","33.31","-0.32"
"Dzirtorden","-$38.68","15,686","8.45","-4.93"
"easymeka","-$48.12","2,741","45.26","-35.11"
"EB0LARAMA","-$35.18","3,742","23.89","-18.80"
"ebridgen","-$8.58","1,096","35.09","-15.66"
"Edike1998","-$7.99","541","49.26","-29.54"
"edoschenko","-$21.88","4,381","17.98","-9.99"
"Edu.neto89","-$18.05","527","36.47","-68.50"
"Ekim1948","-$23.94","1,493","20.34","-32.07"
"El Manske","-$0.89","3,146","15.38","-0.57"
"EMAZC07","-$6.40","1,368","19.69","-9.36"
"EmulationX","-$19.87","2,548","16.40","-15.60"
"Escogido70","-$22.14","649","42.02","-68.23"
"Eternitypoker","-$66.63","1,754","27.82","-75.97"
"Eug6789","-$3.37","531","37.86","-12.69"
"Every1zDeadDave","-$10.44","665","43.64","-31.40"
"F_DiasRamos","-$9.58","1,522","28.73","-12.59"
"FACCHETADE$","-$17.33","6,194","22.38","-5.60"
"faddei93","-$12.86","675","20.00","-38.10"
"Fantasticist","-$23.65","1,156","18.52","-40.92"
"FaraonEngels","-$6.20","1,419","29.42","-8.74"
"FatosAdos","-$0.68","2,594","19.41","-0.52"
"FAVN876","-$5.38","2,233","20.88","-4.82"
"fbjensen777","-$21.19","874","42.69","-48.49"
"feexer","-$7.96","966","12.72","-16.48"
"fish-swor327","-$14.85","1,411","20.13","-21.05"
"flacoboris","-$21.75","3,389","10.86","-12.84"
"Fogarashvili","-$10.02","542","20.56","-36.97"
"fomik33","-$7.68","10,259","26.86","-1.50"
"foofandpecks","-$0.05","898","14.41","-0.11"
"ForZaAriNdal","-$23.98","3,026","21.31","-15.85"
"ForzaMi","-$13.83","1,183","34.04","-23.38"
"frans0909","-$3.17","800","39.55","-7.92"
"Frol 21208","-$24.17","1,803","15.83","-26.81"
"FULLFREEDOM","-$8.19","759","23.29","-21.58"
"furaromniaate","-$6.51","1,585","30.03","-8.21"
"fylhtq123","-$0.47","633","24.80","-1.48"
"Gaitano_00","-$0.90","650","44.22","-2.77"
"Gateways2","-$5.34","585","39.45","-18.26"
"GeLeZiaK@","-$22.46","3,083","11.02","-14.57"
"gilsonfn","-$24.02","2,107","31.22","-22.80"
"glasss","-$12.08","1,826","20.96","-13.23"
"Glint7","-$30.47","823","41.89","-74.05"
"GOGA&BUBA","-$42.15","1,713","32.65","-49.21"
"goku27420","-$21.34","947","31.10","-45.07"
"goldbunnies","-$1.67","505","13.17","-6.61"
"goldlamboo","-$63.86","1,284","26.00","-99.47"
"Gomez224","-$3.58","4,343","12.86","-1.65"
"google_8644","-$1.98","633","36.52","-6.26"
"goran1964","-$3.23","706","40.51","-9.15"
"Grill-Station","-$36.39","1,665","32.08","-43.71"
"gringriss","-$8.15","809","26.25","-20.15"
"GuerzoStar","-$17.82","536","50.57","-66.49"
"H!TM@N1989","-$6.66","7,044","13.47","-1.89"
"hacktheplanet87","-$17.20","616","52.21","-55.84"
"hallucinations","-$4.38","1,953","27.12","-4.49"
"Hamon Szerráno","-$5.21","839","31.76","-12.42"
"hanky1977","-$7.46","843","17.65","-17.70"
"Hansen3480","-$5.78","502","23.23","-23.03"
"harbaka","-$0.37","2,354","10.73","-0.31"
"Harlsburg","-$12.67","550","20.96","-46.07"
"harrypotter99","-$20.25","2,327","53.52","-17.40"
"Hasbo60","-$15.84","572","34.93","-55.38"
"havana_anejo","-$2.02","691","20.38","-5.85"
"heavyg59","-$0.80","568","28.21","-2.82"
"Hebreu_rpc","-$6.17","2,467","13.33","-5.00"
"Heckfy124","-$7.80","906","35.53","-17.22"
"HeidyFrancoP","-$19.49","2,036","29.38","-19.15"
"HenriqueAces","-$41.71","2,608","33.58","-31.99"
"Herbert CNR","-$9.90","2,092","20.92","-9.46"
"heureka3","-$21.89","578","29.77","-75.74"
"hexxau","-$59.90","1,793","35.43","-66.82"
"hfev","-$6.42","517","15.53","-24.84"
"Ho$$ Style","-$55.09","6,979","19.40","-15.79"
"honzavegas123$","-$30.17","1,607","41.69","-37.55"
"HSR1","-$5.16","1,362","29.19","-7.58"
"Husssky","-$12.89","681","11.26","-37.86"
"Igel212","-$12.76","552","18.18","-46.23"
"iggypop85","-$9.18","3,851","20.80","-4.77"
"igor simonchuk","-$1.84","817","24.35","-4.50"
"iguiguana","-$26.85","1,319","26.45","-40.71"
"InvestINiota","-$18.17","700","33.62","-51.91"
"ioaann67","-$20.31","556","49.09","-73.06"
"IRONS080","-$9.79","5,336","10.61","-3.67"
"j'ignoretamise","-$47.12","527","89.62","-178.82"
"Jacklefort","-$6.67","1,398","17.89","-9.54"
"JackWoodsy12","-$12.40","1,412","16.19","-17.56"
"jaki loku","-$12.49","3,982","16.29","-6.27"
"Jambrrra","-$42.20","4,879","22.60","-17.30"
"janphi1","-$23.55","2,366","26.29","-19.91"
"Jar3Xio","-$8.67","653","26.57","-26.55"
"JasonMerccie","-$5.52","1,621","17.12","-6.81"
"Jaxon53","-$10.71","1,231","49.06","-17.40"
"JFgomez31","-$8.46","698","53.55","-24.24"
"jjhooks87","-$27.53","3,375","18.19","-16.31"
"jl1955","-$14.19","1,148","10.63","-24.72"
"JLJazz800","-$8.09","1,758","17.84","-9.20"
"jmcfo","-$8.77","1,098","15.22","-15.97"
"joee84","-$7.11","4,480","24.44","-3.17"
"john_pkrman","-$23.12","1,164","20.45","-39.73"
"JohnGot hisGuns","-$16.48","537","38.68","-61.38"
"Johnny10170","-$1.66","1,380","14.41","-2.41"
"johnxl7","-$13.68","597","53.04","-45.83"
"Joker777355","-$6.62","2,425","13.03","-5.46"
"joop050786","-$9.20","1,230","21.63","-14.96"
"joosea1","-$22.74","799","36.31","-56.92"
"jorgeebanks","-$3.85","757","31.06","-10.17"
"junior3demai","-$8.64","1,314","34.23","-13.15"
"Junior_GreyM","-$18.18","3,738","20.89","-9.73"
"KAAS467","-$28.43","5,455","15.60","-10.42"
"Kallem28","-$24.32","3,538","23.07","-13.75"
"kanatakk","-$47.40","10,644","21.27","-8.91"
"Katya2585","-$17.14","1,057","26.58","-32.43"
"Kawaii4ik","-$1.58","773","24.50","-4.09"
"KeKeMeKorea","-$3.39","3,839","16.98","-1.77"
"khz71","-$18.12","1,292","18.65","-28.05"
"Kid_Polton","-$40.78","6,068","13.54","-13.44"
"KingPhill291","-$15.53","1,203","41.57","-25.82"
"kingspawnn","-$88.02","773","33.12","-227.74"
"Klaus Klausovic","-$7.98","552","48.26","-28.91"
"Koessianna","-$4.48","594","44.62","-15.08"
"Koksmix87","-$2.43","730","16.41","-6.66"
"KoMarVampire","-$10.40","960","26.34","-21.67"
"Kompozitor27","-$10.73","851","50.30","-25.22"
"kopotb1971","-$4.20","742","30.01","-11.32"
"kostylyaka","-$41.60","1,466","41.21","-56.75"
"kralovsky","-$24.03","509","32.01","-94.42"
"Kroll95","-$25.81","5,052","13.56","-10.22"
"Kupetc","-$46.00","3,518","27.67","-26.15"
"kurkul76","-$1.36","1,292","20.28","-2.11"
"kurtev87","-$14.89","9,812","19.59","-3.04"
"kuznez1611","-$23.26","11,221","29.26","-4.15"
"kzsolt89","-$23.96","1,054","16.97","-45.46"
"Lacoste102","-$0.39","4,041","14.60","-0.19"
"lahezis1950","-$0.93","3,957","19.19","-0.47"
"Lantukh","-$33.70","1,262","56.77","-53.41"
"laurentis9","-$22.43","579","27.95","-77.48"
"LazyCrazyPsycho","-$13.13","902","18.02","-29.11"
"LBDC x Poker","-$10.14","1,558","22.14","-13.02"
"LDKovboy","-$39.72","535","31.57","-148.49"
"lek315","-$29.79","1,685","40.37","-35.36"
"Lemontr3e","-$12.85","2,908","18.74","-8.84"
"LemSF","-$17.53","827","54.46","-42.39"
"leo_leo_me","-$21.47","3,441","24.38","-12.48"
"letoed","-$23.59","1,979","17.81","-23.84"
"LEXATT34","-$15.41","1,757","16.54","-17.54"
"leymanMsk","-$9.90","614","26.51","-32.25"
"livsvedberg","-$18.16","787","18.29","-46.15"
"LizardZoé","-$5.17","641","39.72","-16.13"
"loic6000","-$22.06","656","23.50","-67.26"
"Lolek01","-$10.97","610","42.98","-35.97"
"louis1978207","-$0.19","905","26.36","-0.42"
"lpavel3010","-$20.35","1,974","25.50","-20.62"
"lucky kemal","-$21.52","587","21.97","-73.32"
"lucorso","-$0.46","683","24.34","-1.35"
"lui221","-$1.88","530","13.50","-7.09"
"luisferA10","-$21.28","809","63.35","-52.61"
"Lutz333","-$19.75","809","46.01","-48.83"
"MA551VE","-$7.78","681","27.79","-22.85"
"macpherdaughter","-$6.71","688","21.15","-19.51"
"maddox1860","-$38.17","1,988","41.20","-38.40"
"Madic Cadim","-$5.70","1,604","28.79","-7.11"
"magicturtle7777","-$19.10","1,544","23.12","-24.74"
"MAGNUSVAGNER","-$68.25","5,251","16.30","-26.00"
"Mahia Kidd","-$7.45","641","40.31","-23.24"
"Makcum_ru","-$4.04","724","11.03","-11.16"
"maksim-2003","-$0.63","1,620","15.79","-0.78"
"mandeelee124","-$9.29","1,300","16.08","-14.29"
"MAndrIg","-$0.12","1,979","23.11","-0.12"
"maniek19801","-$3.75","917","12.16","-8.18"
"manos1010","-$2.35","572","31.81","-8.22"
"manosk","-$6.25","969","32.64","-12.90"
"manugar91","-$8.19","4,206","18.43","-3.89"
"MaoLVL666","-$7.95","586","36.83","-27.13"
"mapo9","-$16.97","1,408","45.32","-24.11"
"MarBal08","-$5.57","827","31.07","-13.47"
"MarcusVitruvius","-$15.21","656","35.69","-46.37"
"marcys022","-$12.49","1,019","23.21","-24.51"
"marianpro605","-$12.44","1,046","41.83","-23.79"
"mario021965","-$27.38","5,827","14.35","-9.40"
"MarioPro7","-$14.98","530","20.23","-56.53"
"Mark$layer","-$17.66","524","30.06","-67.40"
"marko2401","-$14.05","1,460","15.79","-19.25"
"martin7729","-$9.74","2,943","10.68","-6.62"
"masterp85","-$17.66","524","20.35","-67.40"
"mathwise","-$6.76","798","22.98","-16.94"
"MatLaCrap819","-$2.88","857","27.83","-6.72"
"Matmes100","-$2.28","781","7.21","-5.84"
"Matthew7887","-$9.90","1,230","17.10","-16.10"
"MAX31088","-$6.70","1,939","22.60","-6.91"
"MaxFizzle","-$29.00","1,548","21.31","-37.47"
"maxlanfraconi","-$36.43","1,672","53.98","-43.58"
"mazanchik","-$11.61","533","57.82","-43.56"
"Mechanic1995","-$13.58","5,165","14.83","-5.26"
"merries","-$3.92","646","36.60","-12.14"
"mg002","-$10.07","5,080","17.18","-3.96"
"mickmoe","-$30.61","1,376","20.18","-44.49"
"Micky0407198","-$80.79","3,732","22.85","-43.30"
"mikehunt007007","-$9.50","840","24.28","-22.62"
"mikemb69","-$53.62","7,931","18.93","-13.52"
"Mikeprrr","-$2.81","592","20.24","-9.49"
"milijonase","-$21.61","3,223","29.98","-13.41"
"Mimick020219","-$29.52","1,382","23.30","-42.72"
"miro2x","-$26.90","3,983","27.69","-13.51"
"Misha.R51","-$12.24","646","34.01","-37.89"
"mishel_400","-$15.07","632","25.24","-47.69"
"Mister 19122009","-$33.06","1,455","19.11","-45.44"
"Mister X2012","-$25.60","737","39.43","-69.47"
"mistyrose123","-$20.26","2,079","23.36","-19.49"
"Moc9H","-$3.27","785","55.89","-8.33"
"MonicaKa","-$25.30","4,404","22.70","-11.49"
"monstrrrik","-$19.93","2,435","11.91","-16.37"
"montreal555","-$4.50","2,085","14.38","-4.32"
"Moroz28","-$10.93","1,262","18.79","-17.32"
"Moucush","-$8.66","980","28.88","-17.67"
"Mr Pelo Pixa","-$11.32","1,730","22.45","-13.09"
"mr.Iartcev","-$18.47","789","35.25","-46.82"
"Mr.Squanchy90","-$19.62","2,897","17.33","-13.55"
"Mr_Resto","-$13.60","786","15.33","-34.61"
"mrakic1988","-$1.20","523","28.13","-4.59"
"mrjapa1000","-$7.64","2,236","19.85","-6.83"
"MrRussia777","-$4.39","1,842","15.14","-4.77"
"MrThomas28","-$4.98","3,345","18.49","-2.98"
"muffincake27","-$25.02","667","24.17","-75.02"
"mullski326","-$74.69","5,150","26.75","-29.01"
"Murari_Mauro","-$4.41","1,239","18.10","-7.12"
"MurBlurr","-$0.52","1,298","37.33","-0.80"
"musohoolik","-$7.93","825","22.56","-19.22"
"Muunuu198888","-$10.65","1,231","25.90","-17.30"
"MVV641106","-$7.26","695","26.67","-20.89"
"mx500stiff","-$19.80","1,072","38.02","-36.94"
"MyTHaeBoka","-$12.81","1,128","22.30","-22.71"
"naaWi30","-$10.24","1,173","18.23","-17.46"
"Napacuk","-$12.49","3,696","19.18","-6.76"
"Ne0net","-$24.30","3,012","11.50","-16.14"
"Nelisnils","-$5.98","4,083","18.45","-2.93"
"NewKidOnTheFlop","-$25.48","8,315","14.78","-6.13"
"Newsletter99","-$0.78","847","19.98","-1.84"
"Nicnicboom","-$18.39","5,522","27.97","-6.66"
"Nightrain223","-$20.77","1,410","12.90","-29.46"
"nnatatiKA","-$10.44","1,661","22.64","-12.57"
"nomis1959","-$8.20","652","30.66","-25.15"
"norswegolf","-$1.87","921","15.29","-4.06"
"ntr502","-$16.03","4,755","19.77","-6.74"
"nudgha","-$16.62","1,158","21.60","-28.70"
"Nursemaster","-$6.22","525","13.68","-23.70"
"nVjey","-$15.85","554","22.63","-57.22"
"Næpskrell","-$8.05","624","40.42","-25.80"
"o novato749","-$18.57","1,033","14.65","-35.95"
"ohfcampanha","-$0.68","1,600","18.99","-0.85"
"Oleg1993 OS","-$25.84","676","41.73","-76.45"
"Olgarusnova","-$2.65","1,260","13.48","-4.21"
"OlgaS_812","-$59.23","8,248","40.59","-14.36"
"Onegin2000","-$48.00","871","39.42","-110.22"
"Ossenberg","-$23.37","838","11.23","-55.78"
"Outlaw24jb","-$12.92","522","24.47","-49.50"
"pachazinho","-$7.27","1,419","40.18","-10.25"
"pacothetiger","-$13.21","1,048","17.78","-25.21"
"PainTownAA","-$0.29","1,689","30.33","-0.34"
"papiljott","-$17.65","1,071","24.23","-32.96"
"papito50","-$9.69","1,402","19.61","-13.82"
"paragraf","-$13.45","1,819","29.50","-14.79"
"Pardoz200","-$50.85","5,917","19.98","-17.19"
"paul1979x","-$25.37","884","24.09","-57.40"
"PauloCesarH","-$0.62","1,290","21.06","-0.96"
"pepguadiola05","-$13.64","921","28.45","-29.62"
"Perech.com","-$25.27","1,484","37.14","-34.06"
"pgan2","-$17.53","683","38.03","-51.33"
"Piaca81","-$1.14","980","22.47","-2.33"
"Piep0812","-$1.46","535","32.02","-5.46"
"pike21","-$10.67","11,466","16.84","-1.86"
"Pillepalle52","-$8.13","1,063","23.05","-15.30"
"Pilot_Pain","-$35.43","3,823","14.69","-18.54"
"pinbotani","-$1.99","3,504","12.45","-1.14"
"PinkTiffany26","-$42.52","16,148","13.20","-5.27"
"pochardafor3","-$0.01","561","33.93","-0.04"
"Poker DanielTas","-$0.41","893","19.86","-0.92"
"Pokerace1001","-$2.29","598","60.91","-7.66"
"pokereule754","-$4.13","649","14.22","-12.73"
"Pokerfox68","-$10.15","2,849","15.86","-7.13"
"Pokerman9765","-$1.24","3,220","14.66","-0.77"
"pokeypokepokeu","-$7.35","4,391","19.60","-3.35"
"polly727","-$10.11","3,399","16.69","-5.95"
"pompieru_26","-$10.21","774","46.68","-26.38"
"potis18071","-$1.27","3,566","14.18","-0.71"
"prguitar","-$9.02","775","14.17","-23.28"
"pro100-kkk","-$50.72","11,233","19.92","-9.03"
"Profbetting","-$2.78","1,565","23.51","-3.55"
"Protopartorg","-$2.08","537","10.92","-7.75"
"PSHfuhruhurr","-$12.31","744","9.23","-33.09"
"pulitypus","-$8.83","2,506","29.34","-7.05"
"Pulsmann87","-$2.77","562","24.37","-9.86"
"Purzle","-$49.09","3,302","16.11","-29.73"
"PUTNICA","-$5.88","643","40.31","-18.29"
"QUERNBITER","-$21.27","4,798","16.63","-8.87"
"Ragen87","-$9.27","921","53.17","-20.13"
"RawManimal27","-$55.91","2,903","32.34","-38.52"
"rayjaylove","-$14.07","874","35.57","-32.20"
"rbmm1149","-$20.03","1,154","25.68","-34.71"
"Really7","-$35.64","2,208","23.52","-32.28"
"realmaster83","-$40.98","3,255","8.79","-25.18"
"Red Viper101","-$6.68","610","8.97","-21.90"
"reddevils888","-$34.72","2,844","25.14","-24.42"
"renardsou","-$21.69","705","40.69","-61.53"
"rideamus94","-$15.37","714","13.46","-43.05"
"risssq","-$0.31","787","21.97","-0.79"
"Rivaldo258","-$1.63","1,261","25.12","-2.59"
"riverhunter99","-$22.91","1,263","21.93","-36.28"
"rivershar939","-$7.56","1,177","29.71","-12.85"
"Rob1993P","-$16.04","1,667","23.17","-19.24"
"Roger3174","-$29.27","1,690","19.98","-34.64"
"rokaspilnumoj","-$21.00","1,007","21.52","-41.71"
"RomaHTC_AA","-$2.59","1,791","19.46","-2.89"
"Romczas","-$13.92","577","38.96","-48.25"
"romul34","-$20.90","2,414","13.56","-17.32"
"Rotttts","-$31.19","915","75.55","-68.17"
"roymin92","-$10.99","739","29.49","-29.74"
"Ruffy2706","-$10.17","626","25.57","-32.49"
"rull777","-$11.85","632","50.16","-37.50"
"RUSTRIN","-$11.27","4,464","26.69","-5.05"
"RustyTiz","-$9.24","661","21.21","-27.96"
"ryuzaki:x","-$7.07","867","25.58","-16.31"
"S.A.246","-$6.06","824","38.73","-14.71"
"santila","-$1.25","1,637","14.07","-1.53"
"saraphan4ik","-$12.42","583","14.31","-42.61"
"Sarcaaaasm","-$8.13","3,882","18.90","-4.19"
"Sask531","-$11.62","843","23.38","-27.57"
"saxual","-$19.41","534","76.65","-72.70"
"scythianhawk","-$8.34","1,639","23.67","-10.18"
"seakam","-$17.66","5,883","15.15","-6.00"
"SEB123RUS","-$14.61","799","57.72","-36.57"
"Seeurbet","-$27.40","1,007","47.48","-54.42"
"Serega1401","-$8.37","708","18.49","-23.64"
"sergei123158","-$8.23","550","4.78","-29.93"
"SERGEY742009","-$2.33","676","21.64","-6.89"
"SergoFan_nn","-$10.31","2,151","19.64","-9.59"
"sergopoke91","-$3.90","805","40.81","-9.69"
"Sergozi1972","-$16.49","2,032","16.49","-16.23"
"SexyBolts70","-$11.39","1,187","28.33","-19.19"
"shamar00000","-$5.44","622","24.03","-17.49"
"Shang_off","-$26.58","560","23.23","-94.93"
"Shark@ttack2020","-$22.92","547","58.30","-83.80"
"SheRmaN8813","-$6.18","908","27.68","-13.61"
"shining1977","-$19.35","1,342","14.63","-28.84"
"shtiliyan","-$9.02","619","21.99","-29.14"
"shtshot250","-$105.87","4,611","40.16","-45.92"
"Simdog109","-$25.59","602","20.81","-85.02"
"simea25015","-$8.33","2,581","13.76","-6.80"
"simonak1","-$12.45","761","25.07","-32.72"
"simsak","-$12.50","995","44.83","-25.13"
"SIRDJMILHAUS","-$4.72","1,171","11.48","-8.06"
"sjpenwarden","-$27.98","3,044","26.87","-18.38"
"skgolem","-$7.88","687","14.16","-22.94"
"skippy5001","-$3.93","711","24.08","-11.05"
"skitai555","-$5.62","2,536","14.89","-4.43"
"skubator","-$12.61","2,390","33.81","-10.55"
"SlickB","-$20.34","2,980","16.33","-13.65"
"slv7c","-$57.04","1,327","59.15","-85.97"
"smedrus","-$10.41","770","33.82","-27.04"
"Smiki2","-$18.52","1,089","11.74","-34.01"
"smoke1ne","-$5.38","3,178","16.47","-3.39"
"SmurfDonk","-$10.36","671","28.66","-30.88"
"snoopsandr","-$23.35","1,658","32.65","-28.17"
"snow9001","-$21.79","9,542","19.42","-4.57"
"SOTY94","-$27.61","1,705","20.44","-32.39"
"soulm8s1231","-$11.60","2,256","25.09","-10.28"
"spabramov","-$11.53","1,185","34.30","-19.46"
"Sparky1337s","-$8.27","1,401","18.74","-11.81"
"spartanP999","-$24.83","2,152","22.87","-23.08"
"spence__504","-$11.33","525","24.95","-43.16"
"Spendalo","-$10.00","851","26.54","-23.50"
"Sposito1973","-$158.02","2,446","55.26","-129.21"
"steban151","-$7.06","1,534","37.68","-9.20"
"Stormy1979","-$79.23","6,096","35.68","-25.99"
"str8chase798","-$8.69","835","39.49","-20.81"
"striko1144","-$202.66","5,482","58.95","-73.94"
"Suq Madiq lol","-$18.20","744","21.41","-48.92"
"sveMat770","-$6.26","1,066","22.02","-11.74"
"svfree","-$1.69","520","18.18","-6.50"
"SVINDLER50","-$44.99","5,964","23.92","-15.09"
"svoboda19980","-$20.03","967","36.98","-41.43"
"switalsky","-$15.83","714","21.22","-44.34"
"syk819kf","-$6.96","593","16.30","-23.47"
"SylwekGPoker","-$65.91","1,457","53.44","-90.47"
"SZEDLACSEK19","-$4.26","1,580","36.59","-5.39"
"taobaibai999","-$3.41","1,352","38.74","-5.04"
"tati_tao1992","-$72.17","4,495","20.88","-32.11"
"Tavrus32","-$10.01","3,995","18.47","-5.01"
"TeamM666","-$8.09","519","61.60","-31.18"
"TECTO_ekv","-$8.83","519","18.71","-34.03"
"Teichlosen","-$4.02","781","14.60","-10.29"
"tekuez","-$21.79","1,146","24.91","-38.03"
"The Long Bluff","-$30.40","710","30.82","-85.63"
"The_Reiver","-$3.08","2,837","6.60","-2.17"
"TheBlade8525","-$33.20","7,896","50.35","-8.41"
"thegreatcurve","-$13.94","1,029","20.12","-27.09"
"TheoTate","-$23.15","2,627","13.52","-17.62"
"ThePackers1969","-$14.93","955","20.27","-31.27"
"thetaxman14","-$8.61","1,625","27.96","-10.60"
"TheWildClassic","-$55.36","845","43.15","-131.03"
"ThomasSauve1","-$6.40","854","23.14","-14.99"
"thyrion78","-$33.76","1,288","27.88","-52.42"
"Tiewire","-$1.70","2,493","15.17","-1.36"
"tigerzz21","-$22.81","596","74.15","-76.54"
"TIGstriker75","-$5.19","611","32.28","-16.99"
"Tiikeri136","-$12.51","701","40.78","-35.69"
"Til_T620","-$1.28","788","9.20","-3.25"
"TilTheEnd982","-$10.60","6,070","22.26","-3.49"
"Tinckiwincki","-$12.59","932","19.61","-27.02"
"tm-online","-$19.42","4,246","9.71","-9.15"
"Tom55555666666","-$19.92","886","20.66","-44.97"
"Tonymacc2k1","-$27.95","621","27.48","-90.02"
"TonyPlayer75","-$10.93","680","35.06","-32.15"
"toto2478","-$16.14","9,119","14.49","-3.54"
"totyi","-$27.36","2,265","28.12","-24.16"
"tpm56","-$22.67","504","37.50","-89.96"
"Trance228","-$0.01","514","22.40","-0.04"
"Triklazan","-$17.09","1,159","32.02","-29.49"
"trtp91","-$20.77","1,296","12.26","-32.05"
"ttwety","-$4.72","1,034","13.74","-9.13"
"twitty31","-$14.68","806","25.73","-36.43"
"Uchka","-$34.89","2,970","27.39","-23.49"
"UiriQuodGaia","-$12.10","742","25.14","-32.61"
"ulia75432","-$25.56","1,476","32.35","-34.63"
"Ulika666","-$44.46","928","30.00","-95.82"
"UncleSam601","-$6.28","1,844","15.33","-6.81"
"URAL_96_KU","-$13.63","535","43.31","-50.95"
"user1258","-$25.48","611","28.38","-83.40"
"v123vk","-$7.82","9,614","12.80","-1.63"
"vadik 12345","-$6.14","597","36.89","-20.57"
"Vadim Gomel","-$7.98","1,967","17.82","-8.11"
"Vainamoinenn","-$1.48","2,426","22.43","-1.22"
"ValerkaO_o","-$26.18","3,584","14.40","-14.61"
"Valya1903","-$7.04","700","23.31","-20.11"
"VascoSerg","-$33.03","1,333","14.83","-49.56"
"vicotry9","-$20.59","6,297","20.66","-6.54"
"vietalva","-$1.98","1,862","19.82","-2.13"
"VilpPS","-$16.11","502","15.49","-64.18"
"ViruS001313","-$36.46","662","27.22","-110.15"
"VIST0988","-$4.58","1,096","28.55","-8.36"
"vitornut","-$2.69","1,082","29.43","-4.97"
"Vjuk87","-$12.57","5,583","13.56","-4.50"
"Vlk56","-$13.65","1,518","35.97","-17.98"
"vnik71","-$4.82","694","32.40","-13.89"
"volodymyrbo","-$9.56","532","23.50","-35.94"
"voovochka55","-$16.01","1,975","18.61","-16.21"
"VTN*81","-$5.39","1,497","34.95","-7.20"
"vyva1978","-$0.12","862","9.98","-0.28"
"w4lk3rrus","-$17.05","1,092","38.85","-31.23"
"wachpatient","-$2.41","1,219","37.18","-3.95"
"wackster007","-$41.40","7,207","9.84","-11.49"
"wagnerredpig","-$0.20","1,082","30.21","-0.37"
"Walkel","-$41.34","1,435","17.32","-57.62"
"weds59","-$20.44","829","29.96","-49.31"
"winterf351","-$0.26","882","13.20","-0.59"
"wkdmanwkd","-$4.32","1,059","47.23","-8.16"
"Wol4ara73","-$6.72","2,886","17.92","-4.66"
"WQQQW","-$18.87","5,131","18.71","-7.36"
"WrthTheDrive","-$12.15","789","22.91","-30.80"
"wulle64","-$16.80","591","40.68","-56.85"
"X.T. 5370","-$1.12","604","21.59","-3.71"
"xhepi823","-$19.16","571","76.90","-67.11"
"XHerrTUMNUSX","-$10.22","4,540","25.02","-4.50"
"xxxxxxxx_br","-$1.88","606","14.45","-6.20"
"Yuralema","-$18.08","1,592","15.28","-22.71"
"yustas82","-$23.67","905","62.26","-52.31"
"yxyz.drop","-$0.47","634","21.02","-1.48"
"ZApLucky","-$10.36","627","9.66","-33.05"
"zecrai","-$67.66","983","47.90","-137.66"
"zioberko6","-$22.62","638","31.70","-70.91"
"ZLOY792","-$5.96","1,740","18.91","-6.85"
"Zm4best","-$10.08","647","20.06","-31.16"
"zoker6900","-$160.22","2,969","52.47","-107.93"
"ZonarioJerico","-$0.28","650","30.59","-0.86"
"Zorro1361","-$5.50","783","23.58","-14.05"
"Zuhiva","-$14.75","597","32.94","-49.41"
"Zuzu1717","-$0.90","1,350","19.49","-1.33"
"zver5466","-$46.42","4,841","35.53","-19.18"
"zvezda28","-$5.78","626","23.75","-18.47"
"Zzzanderman","-$41.77","10,388","17.51","-8.04"
